,Metabolite_name,resname,class
0,Phosphate,PO4,Ions
1,Pyruvate,PYR,Other_Metabolites
2,3-Phospho-D-glycerate,3PG,Carbohydrates
3,Glycerol_3-phosphate,G3P,Carbohydrates
4,CoA,COA,Cofactors
5,Glycerol,GLR,Carbohydrates
6,Diphosphate,DPP,Ions
7,Dihydroxyacetone_phosphate,DHAP,Other_Metabolites
8,Acetyl_phosphate,ACEP,Other_Metabolites
9,Sedoheptulose_7-phosphate,S7P,Carbohydrates
10,Acetyl-CoA,ACOA,Cofactors
11,5-Formyltetrahydrofolate,5FTF,Cofactors
12,Acetaldehyde,ACEH,Other_Metabolites
13,Acetate,ACET,Other_Metabolites
14,Glyceraldehyde_3-phosphate,G3H,Other_Metabolites
15,Nicotinate,NIC,Cofactors
16,pyridoxal_phosphate,PALP,Cofactors
17,spermine,SPER,Other_Metabolites
18,FMN,DFMN,Cofactors
19,Phosphoenolpyruvate,PEP,Other_Metabolites
20,Riboflavin,DRBF,Cofactors
21,3-Phospho-D-glyceroyl_phosphate,3GPP,Other_Metabolites
22,ATP,ATPH,Nucleotides
23,NAD+,NAD,Nucleotides
24,UDP-glucose,UDPG,Nucleotides
25,Uridine,URD,Nucleotides
26,UDP-galactofuranose,UDPF,Nucleotides
27,UDP-galactose,UDPA,Nucleotides
28,GDP,GDPH,Nucleotides
29,GMP,GMP,Nucleotides
30,GTP,GTPH,Nucleotides
31,UDP,UDP,Nucleotides
32,UMP,UMP,Nucleotides
33,UTP,UTP,Nucleotides
34,CDP,CDP,Nucleotides
35,CMP,CMP,Nucleotides
36,CTP,CTP,Nucleotides
37,ADP,ADPH,Nucleotides
38,AMP,AMP,Nucleotides
39,Deamino-NAD+,DNAD,Nucleotides
40,Deoxycytidine,DCYD,Nucleotides
41,Deoxyuridine,DURD,Nucleotides
42,thiamin_diphosphate,TPPH,Cofactors
43,Thymidine,THD,Nucleotides
44,Uracil,URA,Nucleotides
45,FAD,DFAD,Cofactors
46,Guanine,GUA,Nucleotides
47,NADPH,NADPH,Nucleotides
48,NADH,NADH,Nucleotides
49,DTDP,DTDPH,Nucleotides
50,DTMP,DTMP,Nucleotides
51,DTTP,DTTP,Nucleotides
52,DADP,DADPH,Nucleotides
53,DAMP,DAMP,Nucleotides
54,DATP,DATPH,Nucleotides
55,DCDP,DCDP,Nucleotides
56,DCMP,DCMP,Nucleotides
57,DCTP,DCTP,Nucleotides
58,NADP+,NADP,Nucleotides
59,DGDP,DGDPH,Nucleotides
60,DGMP,DGMP,Nucleotides
61,DGTP,DGTPH,Nucleotides
62,Adenosine_35-bisphosphate,A3P,Nucleotides
63,Deoxyadenosine,DADO,Nucleotides
64,Cytidine,CYD,Nucleotides
65,Guanosine,GUO,Nucleotides
66,Adenine,ADE,Nucleotides
67,Deoxyguanosine,DGUO,Nucleotides
68,Adenosine,ADO,Nucleotides
69,DUDP,DUDP,Nucleotides
70,DUMP,DUMP,Nucleotides
71,DUTP,DUTP,Nucleotides
72,D-Fructose_16-bisphosphate,FBP,Carbohydrates
73,D-Glucose_6-phosphate,G6P,Carbohydrates
74,D-Fructose_6-phosphate,F6P,Carbohydrates
75,D-Glucosamine_6-phosphate,GL6P,Carbohydrates
76,2-Deoxy-D-ribose_1-phosphate,DR1P,Carbohydrates
77,D-Glucose_1-phosphate,G1P,Carbohydrates
78,D-Mannose_6-phosphate,M6P,Carbohydrates
79,D-ribose_1-phosphate,R1P,Carbohydrates
80,D-Ribulose_5-phosphate,RI5P,Carbohydrates
81,N-Acetyl-D-glucosamine_6-phosphate,GN6P,Carbohydrates
82,N-Acetyl-D-mannosamine,MANA,Carbohydrates
83,N-Acetyl-D-mannosamine_6-phosphate,MN6P,Carbohydrates
84,Nicotinate_D-ribonucleotide,NICR,Cofactors
85,2-Deoxy-D-ribose_5-phosphate,DR5P,Carbohydrates
86,D-ribose_5-phosphate,R5P,Carbohydrates
87,5-Phospho-alpha-D-ribose_1-diphosphate,PRPP,Carbohydrates
88,D-Xylulose_5-phosphate,X5P,Carbohydrates
89,D-Glycerate_2-phosphate,GL2P,Carbohydrates
90,D-Erythrose_4-phosphate,E4P,Carbohydrates
91,10-formyltetrahydrofolate_tri-L-glutamate,10FG,Cofactors
92,5-formyltetrahydrofolate_tri-L-glutamate,5FG,Cofactors
93,510-methylenetetrahydrofolate_tri-L-glutamate,5MG,Cofactors
94,tetrahydrofolate_tri-L-glutamate,THFG,Cofactors
95,510-methenyltetrahydrofolate_tri-L-glutamate,10MG,Cofactors
96,S-Adenosyl-L-methionine,SAM,Other_Metabolites
97,betaine,TMG,Amino_Acid_Derivatives
98,2-aminoadipate,AAD,Amino_Acid_Derivatives
99,saccharopine,SACH,Amino_Acid_Derivatives
100,cystathionine,CYST,Amino_Acid_Derivatives
101,glycerophosphocholine,GPC,Amino_Acid_Derivatives
102,carnosine,CNO,Amino_Acid_Derivatives
103,choline,CHT,Amino_Acid_Derivatives
104,ADMA,ADMA,Amino_Acid_Derivatives
105,taurine,TAU,Amino_Acid_Derivatives
106,citrulline,CIT,Amino_Acid_Derivatives
107,GABA,GABA,Amino_Acid_Derivatives
108,carbamoyl_aspartate,CASP,Amino_Acid_Derivatives
109,GSH,GSH,Amino_Acid_Derivatives
110,GSSG,GSSG,Amino_Acid_Derivatives
111,pantothenic_acid,PAU,Cofactors
112,1-methylnicotinamide,1MNA,Cofactors
113,nicotinamide,NCA,Cofactors
114,succinate,SUCC,TCA_Cycle
115,alpha-ketoglutarate,KGLU,TCA_Cycle
116,malate,MALA,TCA_Cycle
117,2-hydroxyglutarate,2HG,TCA_Cycle
118,cis-aconitate,ACEN,TCA_Cycle
119,methylcitrate,MCIT,TCA_Cycle
120,fumarate,FUM,TCA_Cycle
121,phosphocreatine,PCRE,Amino_Acid_Derivatives
122,creatine,CRE,Amino_Acid_Derivatives
123,creatinine,CREN,Amino_Acid_Derivatives
124,2PG,2PG,Other_Metabolites
125,ADP-ribose,ADPR,Nucleotides
126,UDP-GlcNAc,GUDP,Nucleotides
127,UDP-glucuronic_acid,GLUP,Nucleotides
128,allantoin,ALLA,Nucleotides
129,methylthioadenosine,MTA,Amino_Acid_Derivatives
130,inosine,INOS,Nucleotides
131,urate,URT,Nucleotides
132,acetylserine,ASER,Amino_Acid_Derivatives
133,carnitine,CART,Amino_Acid_Derivatives
134,C5-carnitines,CAR5,Amino_Acid_Derivatives
135,C4-carnitines,CAR4,Amino_Acid_Derivatives
136,C3-carnitine,CAR3,Amino_Acid_Derivatives
137,N-acetylalanine,AALA,Amino_Acid_Derivatives
138,acetylcarnitine,ACAR,Amino_Acid_Derivatives
139,N-acetylglutamate,AGLU,Amino_Acid_Derivatives
140,cyclic_AMP,CAMP,Nucleotides
141,Thymine,THY,Nucleotides
145,5-Phospho-alpha-D-ribose_1-diphosphate,PRP,Carbohydrates
161,FMN,FMN,Cofactors
164,Riboflavin,RBF,Cofactors
165,Ammonium,NH4,Other_Metabolites
166,Potassium,K,Ions
167,Calcium,ION,Ions
167,Calcium,CA,Ions
168,O2,O2,Other_Metabolites
169,Magnesium,MG,Ions
173,fatty_acid,PA,Fatty_Acids
180,L-Glutamate,LGLU,Amino_Acids
181,L-Aspartate,LASP,Amino_Acids
182,L-Valine,LVAL,Amino_Acids
183,L-Alanine,LALA,Amino_Acids
184,L-Glycine,LGLY,Amino_Acids
185,L-Arginine,LARG,Amino_Acids
186,L-Serine,LSER,Amino_Acids
187,L-Proline,LPRO,Amino_Acids
188,L-Threonine,LTHR,Amino_Acids
189,L-Phenylalanine,LPHE,Amino_Acids
190,L-Glutamine,LGLN,Amino_Acids
191,L-Lysine,LLYS,Amino_Acids
192,L-Leucine,LLEU,Amino_Acids
193,L-Asparagine,LASP,Amino_Acids
194,L-Isoleucine,LILE,Amino_Acids
195,L-Lactate,LAC,Other_Metabolites
196,L-Methionine,LMET,Amino_Acids
197,L-Histidine,LHIS,Amino_Acids
198,L-Cysteine,LCYS,Amino_Acids
199,L-Tryptophan,LTRP,Amino_Acids
200,L-Tyrosine,LTYR,Amino_Acids
