Resname,Metabolite name,Concentration (M)
10FG,10-formyltetrahydrofolate_tri-L-glutamate,0.0001
10MG,510-methenyltetrahydrofolate_tri-L-glutamate,0.000064
3GPP,3-Phospho-D-glyceroyl_phosphate,0.00000981
3PG,3-Phospho-D-glycerate,0.0011
5FTF,5-Formyltetrahydrofolate,0.0001
5MG,510-methylenetetrahydrofolate_tri-L-glutamate,0.0001
A3P,Adenosine_35-bisphosphate,0.00000689
ACEH,Acetaldehyde,0.0001
ACEP,Acetyl_phosphate,0.000629
ACET,Acetate,0.0001
ACOA,Acetyl-CoA,0.00025
ADE,Adenine,0.00000451
ADO,Adenosine,0.00000283
ADPH,ADP,0.000218
AMP,AMP,0.0001
ATPH,ATP,0.00365
CA,Calcium,0.00141
CDP,CDP,0.00034
CMP,CMP,0.00034
COA,CoA,0.000956
CTP,CTP,0.00034
CYD,Cytidine,0.0000052
DADO,Deoxyadenosine,0.0000053
DADPH,DADP,0.000018
DAMP,DAMP,0.000018
DATPH,DATP,0.000018
DCDP,DCDP,0.000012
DCMP,DCMP,0.000012
DCTP,DCTP,0.000012
DCYD,Deoxycytidine,0.0001
DGDPH,DGDP,0.00000699
DGMP,DGMP,0.00000699
DGTPH,DGTP,0.00000699
DGUO,Deoxyguanosine,0.00000362
DHAP,Dihydroxyacetone_phosphate,0.000645
DNAD,Deamino-NAD+,0.0001
DPP,Diphosphate,0.00075
DR1P,2-Deoxy-D-ribose_1-phosphate,0.0001
DR5P,2-Deoxy-D-ribose_5-phosphate,0.0000916
DTDPH,DTDP,0.000022
DTMP,DTMP,0.000022
DTTP,DTTP,0.000022
DUDP,DUDP,0.00000218
DUMP,DUMP,0.00000218
DURD,Deoxyuridine,0.0001
DUTP,DUTP,0.00000218
E4P,D-Erythrose_4-phosphate,0.0000175
F6P,D-Fructose_6-phosphate,0.000854
FADH,FAD,0.000064
FBP,D-Fructose_16-bisphosphate,0.00761
FMN,FMN,0.000054
FMNH,FMN,0.000054
G1P,D-Glucose_1-phosphate,0.0001
G3H,Glyceraldehyde_3-phosphate,0.0001
G3P,Glycerol_3-phosphate,0.001
G6P,D-Glucose_6-phosphate,0.00371
GDPH,GDP,0.00068
GL2P,D-Glycerate_2-phosphate,0.0000272
GL6P,D-Glucosamine_6-phosphate,0.000705
GLR,Glycerol,0.000956
GMP,GMP,0.00068
GN6P,N-Acetyl-D-glucosamine_6-phosphate,0.0001
GTPH,GTP,0.00068
GUA,Guanine,0.0000524
GUO,Guanosine,0.0000046
K,Potassium,0.01
LAC,L-Lactate,0.0001
LALA,L-Alanine,0.00149
LARG,L-Arginine,0.000492
LASP,L-Asparagine,0.000175
LASP,L-Asparagine,0.00213
LCYS,L-Cysteine,0.000034
LGLN,L-Glutamine,0.00026
LGLU,L-Glutamate,0.00328
LGLY,L-Glycine,0.000715
LHIS,L-Histidine,0.000068
LILE,L-Isoleucine,0.000116
LLEU,L-Leucine,0.00018
LLYS,L-Lysine,0.000255
LMET,L-Methionine,0.0000819
LPHE,L-Phenylalanine,0.000286
LPRO,L-Proline,0.000371
LSER,L-Serine,0.000372
LTHR,L-Threonine,0.000342
LTRP,L-Tryptophan,0.0000318
LTYR,L-Tyrosine,0.0000302
LVAL,L-Valine,0.00182
M6P,D-Mannose_6-phosphate,0.0001
MANA,N-Acetyl-D-mannosamine,0.0001
MG,Magnesium,0.00236
MN6P,N-Acetyl-D-mannosamine_6-phosphate,0.0001
NAD,NAD+,0.00219
NADH,NADH,0.0000253
NADP,NADP+,0.00001
NADPH,NADPH,0.0000342
NH4,Ammonium,0.0001
NIC,Nicotinate,0.0001
NICR,Nicotinate_D-ribonucleotide,0.0001
O2,O2,0.0001
PA,fatty acid,0.00601
PALP,pyridoxal_phosphate,0.0001
PEP,Phosphoenolpyruvate,0.0000409
PO4,Phosphate,0.0178
PRP,5-Phospho-alpha-D-ribose_1-diphosphate,0.0000749
PRPP,5-Phospho-alpha-D-ribose_1-diphosphate,0.0000749
PYR,Pyruvate,0.00337
R1P,D-ribose_1-phosphate,0.0001
R5P,D-ribose_5-phosphate,0.0000837
RBF,Riboflavin,0.00002
RBFH,Riboflavin,0.00002
RI5P,D-Ribulose_5-phosphate,0.0001
S7P,Sedoheptulose_7-phosphate,0.00046
SAM,S-Adenosyl-L-methionine,0.0000512
SPER,spermine,0.0001
THD,Thymidine,0.0001
THFG,tetrahydrofolate_tri-L-glutamate,0.0001
TPPH,thiamin_diphosphate,0.0001
UDP,UDP,0.00068
UDPA,UDP-galactose,0.0001
UDPF,UDP-galactofuranose,0.0001
UDPG,UDP-glucose,0.00213
UMP,UMP,0.00068
URA,Uracil,0.0001
URD,Uridine,0.00169
UTP,UTP,0.00068
X5P,D-Xylulose_5-phosphate,0.0000504
