Metabolite name,resname,class,notes
betaine,TMG,Amino_Acid_Derivatives,
2-aminoadipate,AAD,Amino_Acid_Derivatives,
saccharopine,SACH,Amino_Acid_Derivatives,
cystathionine,CYST,Amino_Acid_Derivatives,
glycerophosphocholine,GPC,Amino_Acid_Derivatives,
carnosine,CNO,Amino_Acid_Derivatives,
choline,CHT,Amino_Acid_Derivatives,
ADMA,ADMA,Amino_Acid_Derivatives,
taurine,TAU,Amino_Acid_Derivatives,
citrulline,CIT,Amino_Acid_Derivatives,
GABA,GABA,Amino_Acid_Derivatives,
carbamoyl_aspartate,CASP,Amino_Acid_Derivatives,
GSH,GSH,Amino_Acid_Derivatives,
GSSG,GSSG,Amino_Acid_Derivatives,
phosphocreatine,PCRE,Amino_Acid_Derivatives,
creatine,CRE,Amino_Acid_Derivatives,
creatinine,CREN,Amino_Acid_Derivatives,
methylthioadenosine,MTA,Amino_Acid_Derivatives,
acetylserine,ASER,Amino_Acid_Derivatives,
carnitine,CART,Amino_Acid_Derivatives,
C5-carnitines,CAR5,Amino_Acid_Derivatives,
C4-carnitines,CAR4,Amino_Acid_Derivatives,
C3-carnitine,CAR3,Amino_Acid_Derivatives,
N-acetylalanine,AALA,Amino_Acid_Derivatives,
acetylcarnitine,ACAR,Amino_Acid_Derivatives,
N-acetylglutamate,AGLU,Amino_Acid_Derivatives,
L-Glutamate,LGLU,Amino_Acids,
L-Aspartate,LASP,Amino_Acids,
L-Valine,LVAL,Amino_Acids,
L-Alanine,LALA,Amino_Acids,
L-Glycine,LGLY,Amino_Acids,
L-Arginine,LARG,Amino_Acids,
L-Serine,LSER,Amino_Acids,
L-Proline,LPRO,Amino_Acids,
L-Threonine,LTHR,Amino_Acids,
L-Phenylalanine,LPHE,Amino_Acids,
L-Glutamine,LGLN,Amino_Acids,
L-Lysine,LLYS,Amino_Acids,
L-Leucine,LLEU,Amino_Acids,
L-Asparagine,LASN,Amino_Acids,
L-Isoleucine,LILE,Amino_Acids,
L-Methionine,LMET,Amino_Acids,
L-Histidine,LHIS,Amino_Acids,
L-Cysteine,LCYS,Amino_Acids,
L-Tryptophan,LTRP,Amino_Acids,
L-Tyrosine,LTYR,Amino_Acids,
3-Phospho-D-glycerate,3PG,Carbohydrates,
Glycerol_3-phosphate,G3P,Carbohydrates,
Glycerol,GLR,Carbohydrates,
Sedoheptulose_7-phosphate,S7P,Carbohydrates,
D-Fructose_16-bisphosphate,FBP,Carbohydrates,
D-Glucose_6-phosphate,G6P,Carbohydrates,
D-Fructose_6-phosphate,F6P,Carbohydrates,
D-Glucosamine_6-phosphate,GL6P,Carbohydrates,
2-Deoxy-D-ribose_1-phosphate,DR1P,Carbohydrates,
D-Glucose_1-phosphate,G1P,Carbohydrates,
D-Mannose_6-phosphate,M6P,Carbohydrates,
D-ribose_1-phosphate,R1P,Carbohydrates,
D-Ribulose_5-phosphate,RI5P,Carbohydrates,
N-Acetyl-D-glucosamine_6-phosphate,GN6P,Carbohydrates,
N-Acetyl-D-mannosamine,MANA,Carbohydrates,
N-Acetyl-D-mannosamine_6-phosphate,MN6P,Carbohydrates,
2-Deoxy-D-ribose_5-phosphate,DR5P,Carbohydrates,
D-ribose_5-phosphate,R5P,Carbohydrates,
5-Phospho-alpha-D-ribose_1-diphosphate,PRPP,Carbohydrates,
D-Xylulose_5-phosphate,X5P,Carbohydrates,
D-Glycerate_2-phosphate,GL2P,Carbohydrates,
D-Erythrose_4-phosphate,E4P,Carbohydrates,
5-Phospho-alpha-D-ribose_1-diphosphate,PRP,Carbohydrates,
CoA,COA,Cofactors,
Acetyl-CoA,ACOA,Cofactors,
5-Formyltetrahydrofolate,5FTF,Cofactors,
Nicotinate,NIC,Cofactors,
pyridoxal_phosphate,PALP,Cofactors,
FMN,FMNH,Cofactors,
Riboflavin,RBFH,Cofactors,
thiamin_diphosphate,TPPH,Cofactors,
FAD,FADH,Cofactors,
DFAD,DFAD,Cofactors,
Nicotinate_D-ribonucleotide,NICR,Cofactors,
10-formyltetrahydrofolate_tri-L-glutamate,10FG,Cofactors,
5-formyltetrahydrofolate_tri-L-glutamate,5FG,Cofactors,
510-methylenetetrahydrofolate_tri-L-glutamate,5MG,Cofactors,
tetrahydrofolate_tri-L-glutamate,THFG,Cofactors,
510-methenyltetrahydrofolate_tri-L-glutamate,10MG,Cofactors,
pantothenic_acid,PAU,Cofactors,
1-methylnicotinamide,1MNA,Cofactors,
nicotinamide,NCA,Cofactors,
FMN,FMN,Cofactors,
DFMN,DFMN,Cofactors,
Riboflavin,DRBF,Cofactors,
Phosphate,PO4,Ions,other study
Diphosphate,DPP,Ions,
Ammonium,NH4,Ions,other study
Potassium,K,Ions,other study
Calcium,CA,Ions,other study
O2,O2,Ions,other study
Magnesium,MG,Ions,other study
fatty acid,PA,Fatty acids,other study
Adenine,ADE,Nucleotides,
Adenosine,ADO,Nucleotides,
cyclic_AMP,CAMP,Nucleotides,
AMP,AMP,Nucleotides,
ADP,ADPH,Nucleotides,Protonated terminal phosphate
ATP,ATPH,Nucleotides,Protonated terminal phosphate
ADP,ADP,Nucleotides,
ATP,ATP,Nucleotides,
Deoxyadenosine,DADO,Nucleotides,
DAMP,DAMP,Nucleotides,
DADP,DADPH,Nucleotides,Protonated terminal phosphate
DATP,DATPH,Nucleotides,Protonated terminal phosphate
DADP,DADP,Nucleotides,
DATP,DATP,Nucleotides,
ADP-ribose,ADPR,Nucleotides,
Adenosine_35-bisphosphate,A3P,Nucleotides,
Cytidine,CYD,Nucleotides,
CMP,CMP,Nucleotides,
CDP,CDPH,Nucleotides,Protonated terminal phosphate
CTP,CTPH,Nucleotides,Protonated terminal phosphate
CDP,CDP,Nucleotides,
CTP,CTP,Nucleotides,
Deoxycytidine,DCYD,Nucleotides,
DCMP,DCMP,Nucleotides,
DCDP,DCDPH,Nucleotides,Protonated terminal phosphate
DCTP,DCTPH,Nucleotides,Protonated terminal phosphate
DCDP,DCDP,Nucleotides,
DCTP,DCTP,Nucleotides,
Guanine,GUA,Nucleotides,
Guanosine,GUO,Nucleotides,
GMP,GMP,Nucleotides,
GDP,GDPH,Nucleotides,Protonated terminal phosphate
GTP,GTPH,Nucleotides,Protonated terminal phosphate
GDP,GDP,Nucleotides,
GTP,GTP,Nucleotides,
Deoxyguanosine,DGUO,Nucleotides,
DGMP,DGMP,Nucleotides,
DGDP,DGDPH,Nucleotides,Protonated terminal phosphate
DGTP,DGTPH,Nucleotides,Protonated terminal phosphate
DGDP,DGDP,Nucleotides,
DGTP,DGTP,Nucleotides,
Thymine,THY,Nucleotides,
Thymidine,THD,Nucleotides,
DTMP,DTMP,Nucleotides,
DTDP,DTDPH,Nucleotides,Protonated terminal phosphate
DTTP,DTTPH,Nucleotides,Protonated terminal phosphate
DTDP,DTDP,Nucleotides,
DTTP,DTTP,Nucleotides,
Uracil,URA,Nucleotides,
Uridine,URD,Nucleotides,
UMP,UMP,Nucleotides,
UDP,UDP,Nucleotides,
UTP,UTP,Nucleotides,
UDP,UDPH,Nucleotides,Protonated terminal phosphate
UTP,UTPH,Nucleotides,Protonated terminal phosphate
Deoxyuridine,DURD,Nucleotides,
DUMP,DUMP,Nucleotides,
DUDP,DUDPH,Nucleotides,Protonated terminal phosphate
DUTP,DUTPH,Nucleotides,Protonated terminal phosphate
DUDP,DUDP,Nucleotides,
DUTP,DUTP,Nucleotides,
UDP-GlcNAc,GUDP,Nucleotides,
UDP-glucuronic_acid,GLUP,Nucleotides,
UDP-glucose,UDPG,Nucleotides,
UDP-galactofuranose,UDPF,Nucleotides,
UDP-galactose,UDPA,Nucleotides,
NAD+,NAD,Nucleotides,
NADH,NADH,Nucleotides,
Deamino-NAD+,DNAD,Nucleotides,
NADP+,NADP,Nucleotides,
NADPH,NADPH,Nucleotides,
allantoin,ALLA,Nucleotides,
inosine,INOS,Nucleotides,
urate,URT,Nucleotides,
Pyruvate,PYR,Other_Metabolites,
Dihydroxyacetone_phosphate,DHAP,Other_Metabolites,
Acetyl_phosphate,ACEP,Other_Metabolites,
Acetaldehyde,ACEH,Other_Metabolites,
Acetate,ACET,Other_Metabolites,
Glyceraldehyde_3-phosphate,G3H,Other_Metabolites,
spermine,SPER,Other_Metabolites,
Phosphoenolpyruvate,PEP,Other_Metabolites,
3-Phospho-D-glyceroyl_phosphate,3GPP,Other_Metabolites,
S-Adenosyl-L-methionine,SAM,Other_Metabolites,
2PG,2PG,Other_Metabolites,
L-Lactate,LAC,Other_Metabolites,
succinate,SUCC,TCA_Cycle,
alpha-ketoglutarate,KGLU,TCA_Cycle,
malate,MALA,TCA_Cycle,
2-hydroxyglutarate,2HG,TCA_Cycle,
cis-aconitate,ACEN,TCA_Cycle,
methylcitrate,MCIT,TCA_Cycle,
fumarate,FUM,TCA_Cycle,
