class,resname,D_PBC (cm²/s),D_err (cm²/s),D_corr (cm²/s)
Nucleotides,DNAD,7.700600404514672e-06,6.754627616394215e-08,7.791538337187376e-06
Nucleotides,DTMP,1.4114815108674764e-05,4.248535322507059e-08,1.4205752449925058e-05
Nucleotides,URA,0.00010428451764431517,2.9638311268066157e-07,0.00010437545279273763
Nucleotides,A3P,4.2692983544518186e-05,4.7018926499353384e-07,4.278392225387506e-05
Nucleotides,DGMP,1.2526348406153954e-05,8.70019736932122e-08,1.2617286301974673e-05
Nucleotides,DCTP,7.807653522427155e-06,4.778801355773993e-08,7.89859132055426e-06
Nucleotides,DTDPH,1.3323087992121443e-05,1.2098807842705754e-07,1.34140254886006e-05
Nucleotides,ATPH,8.866467706062411e-06,5.33872759360527e-08,8.957405043474864e-06
Nucleotides,DCMP,1.077250708806403e-05,8.888440383036541e-08,1.0863444913411513e-05
Nucleotides,UDPF,9.485548305488994e-06,5.747710969885256e-08,9.576486263540573e-06
Nucleotides,DADPH,9.779714295616652e-06,7.927796423654935e-08,9.870652320387308e-06
Nucleotides,UMP,1.1212840667759976e-05,5.688722653466497e-08,1.130377859226428e-05
Nucleotides,DURD,1.43996965002016e-05,9.923210958298697e-08,1.4490634384856094e-05
Nucleotides,GUO,1.3354183733161324e-05,2.701098065532017e-07,1.3445121112454217e-05
Nucleotides,DUMP,4.600975902377625e-06,1.1324106224298726e-07,4.691913545684656e-06
Nucleotides,DGTPH,7.306981633316049e-06,2.3912195997632902e-08,7.397919489449123e-06
Nucleotides,DATPH,1.2017801841391553e-05,2.025628488551982e-07,1.2108739610994235e-05
Nucleotides,DUDP,7.566266402826104e-06,2.3161122804732815e-07,7.65720415074611e-06
Nucleotides,CDP,1.1669874864814014e-05,9.225135690137079e-08,1.1760812412831001e-05
Nucleotides,DGDPH,7.771488878556622e-06,1.0874985731790798e-07,7.862426173232961e-06
Nucleotides,NADH,7.740387774299096e-06,7.290279251905422e-08,7.831325092411134e-06
Nucleotides,GMP,1.2634385924655881e-05,5.553542191844269e-08,1.2725323358608875e-05
Nucleotides,CTP,9.433556302632709e-06,4.271700118863094e-08,9.524494089419022e-06
Nucleotides,NAD,7.4433820244059e-06,5.044931509626434e-08,7.534319593105465e-06
Nucleotides,ADO,1.1888355190350555e-05,9.038246871508589e-08,1.1979293049080297e-05
Nucleotides,DCYD,3.176001896140423e-05,6.509949890661969e-08,3.185095920343883e-05
Nucleotides,DGUO,2.7250767143749785e-05,6.447894376092334e-07,2.7341704480932094e-05
Nucleotides,ADE,9.480552198859453e-05,9.503854693883696e-07,9.489645890425891e-05
Nucleotides,DCDP,7.515693704996697e-06,6.03384248563758e-08,7.606631243106676e-06
Nucleotides,DAMP,1.5288453490961322e-05,1.0136743827068292e-07,1.5379389878944494e-05
Nucleotides,GTPH,9.005730689565663e-06,5.994983342711392e-08,9.096668691199739e-06
Nucleotides,UDPG,8.467005868692326e-06,5.8074980516223637e-08,8.557943147025071e-06
Nucleotides,GUA,0.00011095609792944408,1.8978125155120066e-07,0.00011104703298769891
Nucleotides,CYD,1.0309227035035334e-05,2.473482972967112e-07,1.0400164683233015e-05
Nucleotides,THD,3.162337048189701e-05,1.192771911096712e-07,3.1714309443486854e-05
Nucleotides,UDP,9.027158157630818e-06,5.909159055888517e-08,9.118095476878807e-06
Nucleotides,NADPH,7.552831527074355e-06,2.366920258101282e-08,7.643769095011521e-06
Nucleotides,UDPA,8.046464593344862e-06,6.85717608352163e-08,8.137401891872287e-06
Nucleotides,DTTP,7.661696622767106e-06,1.6155710699479402e-07,7.752634701319039e-06
Nucleotides,AMP,1.1131914512965439e-05,4.807610167034131e-08,1.1222851753700525e-05
Nucleotides,URD,1.2494389353923459e-05,7.84833746625433e-08,1.2585326658154372e-05
Nucleotides,UTP,8.491262628580742e-06,5.2173726274665984e-08,8.582200280216057e-06
Nucleotides,DUTP,1.285049187624626e-05,1.5806861307720675e-07,1.2941429304191843e-05
Nucleotides,GDPH,1.1179131545707967e-05,5.46166004805412e-08,1.1270069080637768e-05
Nucleotides,DADO,1.317894666110433e-05,3.147954215336516e-07,1.3269884220790118e-05
Nucleotides,ADPH,9.663335394424196e-06,4.580597054922731e-08,9.754273378348444e-06
Nucleotides,CMP,2.9416217162858823e-05,1.6466208358130847e-07,2.9507153158192523e-05
Nucleotides,NADP,5.058656476629958e-06,8.343022628067703e-08,5.149594016984338e-06
Cofactors,ACOA,1.0069254415072151e-05,6.696134354130277e-08,1.0160191777686123e-05
Cofactors,5MG,3.465568065690024e-05,1.1104245692180954e-07,3.4746619348879904e-05
Cofactors,5FTF,3.082798427472594e-05,3.9377522282147406e-08,3.0918923584977165e-05
Cofactors,FMN,1.6131137883430993e-05,9.823875922700238e-08,1.6222074918914586e-05
Cofactors,COA,1.1144101669338293e-05,6.401746371507553e-08,1.1235038982704282e-05
Cofactors,DFAD,7.0333182954961886e-06,4.0941088184371396e-08,7.124255716917105e-06
Cofactors,10MG,9.603474691897661e-06,9.153101820747668e-08,9.694412256067153e-06
Cofactors,RBF,1.249587469976489e-05,1.0560952489925058e-07,1.2586812772497069e-05
Cofactors,TPPH,0.00015800750641379807,5.185275133704513e-07,0.00015809843898750842
Cofactors,DFMN,1.050982398703436e-05,2.8356356848846634e-08,1.060076192516135e-05
Cofactors,NICR,1.321868266860075e-05,5.5454834564144936e-08,1.3309620044310577e-05
Cofactors,NIC,0.0002576269331984973,4.574911591621654e-07,0.0002577178820502013
Cofactors,THFG,3.142199216355585e-05,2.7333920791873076e-07,3.151292912662029e-05
Cofactors,DRBF,1.10422966361235e-05,1.2908476871487701e-07,1.1133234693261329e-05
Cofactors,10FG,9.644779625509637e-06,1.2524619066815956e-07,9.73571695794817e-06
Cofactors,PALP,0.00020973656716870932,3.9546397146557793e-07,0.00020982749992981553
Other_Metabolites,O2,0.003999487040507709,4.534011825032394e-06,0.003999577835202217
Other_Metabolites,ACET,0.0009350517416291275,1.7047293078057357e-06,0.0009351426851935685
Other_Metabolites,DHAP,0.00027702489125350666,2.2205619212985271e-07,0.0002771158469840884
Other_Metabolites,SPER,1.3106701754436322e-05,1.2488654141479532e-07,1.3197639418649487e-05
Other_Metabolites,PYR,0.0006629540789634831,6.450350310214001e-07,0.000663044978864491
Other_Metabolites,PEP,0.00014251968230006708,6.304140880868538e-07,0.00014261061733122915
Other_Metabolites,3GPP,5.8180439197252516e-05,3.6846557091691464e-07,5.827137647429481e-05
Other_Metabolites,ACEP,0.00035512036757531806,4.1269238722918975e-07,0.00035521131940186024
Other_Metabolites,LAC,0.000819539733408913,8.008786321184736e-07,0.0008196306298486888
Other_Metabolites,SAM,1.019287770658236e-05,1.1364634475281164e-07,1.028381575451931e-05
Other_Metabolites,ACEH,0.0019325051317175543,1.5536274031775815e-06,0.0019325960893183947
Other_Metabolites,G3H,0.00028341991039542455,1.2682838568181145e-06,0.000283510860754177
Carbohydrates,RI5P,0.0001409686816668934,1.7285908277221287e-07,0.0001410596159985289
Carbohydrates,PRPP,2.8991556943722044e-05,8.593832957739737e-08,2.908249371103011e-05
Carbohydrates,PRP,1.8926866107710905e-05,3.5639014705152775e-08,1.9017803424503654e-05
Carbohydrates,MANA,0.0004944910021532989,1.5208379719030198e-06,0.0004945819382555783
Carbohydrates,3PG,7.689397557342778e-05,9.67417800430907e-08,7.698491390328854e-05
Carbohydrates,G6P,0.00011568662658685475,1.1080986138248717e-07,0.0001157775623141788
Carbohydrates,G1P,0.00014877654452683317,3.5481331005534733e-07,0.0001488674752181396
Carbohydrates,GN6P,0.00011616332722064859,3.4059830071825524e-07,0.00011625426122918725
Carbohydrates,FBP,6.39929725273399e-05,8.429555384105128e-08,6.40839061816223e-05
Carbohydrates,DR1P,0.00020583852634093347,3.9297797694318615e-07,0.00020592946384567767
Carbohydrates,MN6P,0.00012474072619750217,2.5560712213262703e-07,0.00012483165482990444
Carbohydrates,GLR,0.0011779603599302072,4.257340010269012e-07,0.001178051228635013
Carbohydrates,DR5P,0.00013504569284295231,8.410636240888854e-07,0.00013513662270270288
Carbohydrates,G3P,0.0002867100280828997,3.1532885161844117e-07,0.0002868009905796498
Carbohydrates,R5P,0.00011584329325205763,1.713067328488616e-07,0.00011593422823352739
Carbohydrates,F6P,0.00015699641284228262,1.606358302554483e-07,0.00015708734281361103
Carbohydrates,E4P,0.00016189758453001877,6.954806091423779e-07,0.00016198851517401636
Carbohydrates,GL6P,3.7441126604876806e-05,7.275158314382733e-08,3.753206692636013e-05
Carbohydrates,R1P,0.00014636297767874615,3.6667875426581575e-07,0.0001464539091102779
Carbohydrates,S7P,0.00011744409448708723,2.202061027136739e-08,0.00011753502622013912
Carbohydrates,GL2P,0.00010541322951836794,1.0956795458182742e-06,0.0001055041648214683
Carbohydrates,X5P,0.00017340722143986066,6.867717407756028e-07,0.00017349816334899515
Carbohydrates,M6P,0.00018266192730907114,3.9742667644913016e-07,0.00018275286129210144
Amino_Acids,LLYS,0.000271215802500907,2.1217371215938136e-07,0.00027130675152875483
Amino_Acids,LARG,0.0002946365916351879,8.310824106192101e-08,0.00029472753521986306
Amino_Acids,LGLY,0.0006472104474738544,9.46150927072936e-07,0.0006473013781942427
Amino_Acids,LSER,0.0005594797954901235,2.0514225607919173e-07,0.0005595707334578037
Amino_Acids,LHIS,0.00032799406896328036,1.4248327802019576e-06,0.0003280850069131702
Amino_Acids,LGLN,0.00048759609443167035,9.495430281535466e-07,0.00048768703709356487
Amino_Acids,LCYS,0.0005621097845960435,5.926805741220086e-07,0.0005622007302008569
Amino_Acids,LTRP,0.00034015499503158963,5.583004845771214e-07,0.000340245955158025
Amino_Acids,LTYR,0.00040473709311655023,8.589673059060654e-07,0.0004048280534334481
Amino_Acids,LMET,0.0004735728621490977,1.4582244026025617e-06,0.00047366382204927504
Amino_Acids,LGLU,0.00039466393542596944,4.2749220470251444e-07,0.0003947548975702375
Amino_Acids,LALA,0.0005838374496544226,3.8171045639479756e-07,0.0005839283694513142
Amino_Acids,LILE,0.0005328039144424615,1.1783537700055458e-06,0.0005328948609530926
Amino_Acids,LPRO,0.0005311829872047809,1.1677769634890157e-06,0.0005312738940119743
Amino_Acids,LLEU,0.0006133871834646154,1.0902642884039873e-06,0.000613478128798306
Amino_Acids,LVAL,0.0005671742067631654,6.223906193059143e-07,0.0005672651459462941
Amino_Acids,LPHE,0.0003601434095166205,3.2526392383762726e-07,0.0003602343495003879
Amino_Acids,LTHR,0.0004996989688324909,5.439069623291944e-07,0.000499789894092828
Amino_Acids,LASP,0.00022433963354557862,3.210927411387537e-07,0.0002244305651402101
Ions,K,0.0008795918469213355,7.074137585847437e-07,0.0008796827751211822
Ions,DPP,0.00031032702327829265,1.199922442061189e-07,0.0003104179631918669
Ions,MG,1.123563781087489e-05,5.123852217032806e-08,1.1326575076964218e-05
Ions,NH4,0.00042876474642196643,2.5392406184155988e-06,0.0004288557101972401
Ions,PO4,0.0010266540655435288,1.2791010237356879e-06,0.0010267449542880058
Lipids,PA,5.098640023571494e-05,2.6025374353207676e-07,5.107733886688948e-05
